Date,Longitude,Latitude,Depth,Rms,Type,Magnitude,Location,EventID
"2023-02-06T21:39:39",35.889,36.732,7.27,0.87,"MW",4.1,"Akdeniz - İskenderun Körfezi - [09.05 km] Yumurtalık (Adana)",548026
"2023-02-06T21:34:38",35.908,36.037,6.69,0.18,"ML",3.6,"Akdeniz - Antakya Körfezi - [07.11 km] Samandağ (Hatay)",543802
"2023-02-06T20:15:54",35.875,36.154,7.3,0.69,"ML",3.7,"Akdeniz - [06.48 km] Samandağ (Hatay)",543775
"2023-02-06T08:47:01",36.118,36.708,7,0.72,"ML",3.8,"Akdeniz - İskenderun Körfezi - [09.65 km] Payas (Hatay)",543570
"2023-02-06T06:34:54",37.023,37.292,7,0.46,"ML",3.5,"Pazarcık (Kahramanmaraş)",543530
"2023-01-30T05:10:04",30.165,35.942,7.17,0.69,"ML",1.6,"Akdeniz - [36.09 km] Demre (Antalya)",542929
"2023-01-26T00:35:25",32.737,36.004,6.99,0.58,"ML",2.1,"Akdeniz - [03.94 km] Anamur (Mersin)",542610
"2023-01-24T11:51:04",31.289,35.552,6.99,0.08,"ML",1.5,"Akdeniz - [115.95 km] Kumluca (Antalya)",542472
"2023-01-24T05:59:29",31.324,35.376,6.39,0.88,"ML",3.9,"Akdeniz - [131.25 km] Gazipaşa (Antalya)",542442
"2023-01-21T08:14:01",30.645,35.733,6.91,0.4,"ML",2.1,"Akdeniz - [68.79 km] Kumluca (Antalya)",542185
"2023-01-02T04:21:06",31.407,36.034,7.04,0.06,"ML",2.2,"Akdeniz - [73.33 km] Alanya (Antalya)",539962
"2023-01-01T11:09:53",30.522,36.391,7,0.39,"ML",1.2,"Akdeniz - Antalya Körfezi - [09.20 km] Kumluca (Antalya)",539899
"2022-12-30T00:23:15",31.783,34.79,7,0.78,"ML",2,"Akdeniz - [162.12 km] Gazipaşa (Antalya)",539676
"2022-12-26T12:10:12",30.106,35.778,7.01,0.62,"ML",2.4,"Akdeniz - [51.85 km] Demre (Antalya)",539431
"2022-12-25T04:22:35",30.277,36.056,7.31,0.08,"ML",1.4,"Akdeniz - [28.66 km] Finike (Antalya)",539301
"2022-12-23T17:31:36",31.238,35.827,6.82,0.26,"ML",1.8,"Akdeniz - [91.57 km] Kumluca (Antalya)",539151
"2022-12-21T03:35:12",35.634,36.369,6.51,0.32,"ML",1.5,"Akdeniz - [16.17 km] Arsuz (Hatay)",538914
"2022-12-19T23:41:54",31.35,36.125,7,0.27,"ML",1.8,"Akdeniz - [66.37 km] Alanya (Antalya)",538820
"2022-12-19T19:05:36",31.895,36.436,6.17,0.69,"ML",1.3,"Akdeniz - [13.69 km] Alanya (Antalya)",538802
"2022-12-18T13:38:20",31.957,36.37,7.02,0.15,"ML",1.7,"Akdeniz - [18.06 km] Alanya (Antalya)",538707
"2022-12-18T09:07:21",36,36.717,7,0.61,"ML",1.8,"Akdeniz - İskenderun Körfezi - [18.60 km] Yumurtalık (Adana)",538694
"2022-12-16T22:20:17",35.876,36.175,7.01,0.15,"ML",1,"Akdeniz - [07.71 km] Samandağ (Hatay)",538562
"2022-12-15T08:55:32",35.976,36.725,7.06,0.64,"ML",1.8,"Akdeniz - İskenderun Körfezi - [16.28 km] Yumurtalık (Adana)",538418
"2022-12-15T08:01:52",31.691,35.992,5.74,0.21,"ML",1.9,"Akdeniz - [62.09 km] Gazipaşa (Antalya)",538412
"2022-12-14T10:31:38",34.5,36.54,7.08,0.74,"ML",1.6,"Akdeniz - Mersin Körfezi - [16.74 km] Erdemli (Mersin)",538364
"2022-12-11T18:05:59",36.006,36.766,7.01,0.33,"ML",1.8,"Akdeniz - İskenderun Körfezi - [15.62 km] Yumurtalık (Adana)",538132
"2022-12-11T06:24:51",31.091,35.938,7,0.76,"ML",2,"Akdeniz - [73.61 km] Kumluca (Antalya)",538102
"2022-12-10T21:47:51",35.572,36.569,7.03,0.61,"ML",1.6,"Akdeniz - İskenderun Körfezi - [07.41 km] Karataş (Adana)",538073
"2022-12-08T23:00:56",31.609,35.619,5.26,0.85,"ML",2.1,"Akdeniz - [93.96 km] Gazipaşa (Antalya)",537919
"2022-12-04T18:15:34",31.173,36.419,7.26,0.67,"ML",2.1,"Akdeniz - Antalya Körfezi - [44.64 km] Manavgat (Antalya)",537631
"2022-11-25T19:57:51",31.626,35.962,7.19,0.79,"ML",2.4,"Akdeniz - [68.84 km] Gazipaşa (Antalya)",536935
"2022-11-21T04:01:24",32.702,35.99,8.49,0.69,"ML",1.4,"Akdeniz - [06.26 km] Anamur (Mersin)",536406
"2022-11-18T14:11:13",35.592,36.478,6.98,0.76,"ML",2.4,"Akdeniz - [17.65 km] Karataş (Adana)",536247
"2022-11-13T18:33:06",35.88,36.075,8.24,0.39,"ML",1.6,"Akdeniz - [06.73 km] Samandağ (Hatay)",535952
"2022-11-07T05:34:26",36.011,36.694,7,0.47,"ML",1.6,"Akdeniz - İskenderun Körfezi - [17.33 km] İskenderun (Hatay)",535547
"2022-11-01T13:44:08",31.054,36.232,6.97,0.79,"ML",1.9,"Akdeniz - [56.38 km] Kemer (Antalya)",535081
"2022-10-31T16:40:10",32.023,36.54,6.93,0.22,"ML",1.7,"Akdeniz - Antalya Körfezi - [00.44 km] Alanya (Antalya)",535024
"2022-10-27T01:02:51",36.018,36.876,7,0.26,"ML",3.2,"Akdeniz - İskenderun Körfezi - [07.26 km] Erzin (Hatay)",534779
"2022-10-25T15:33:14",31.892,35.243,5.86,0.81,"ML",2.2,"Akdeniz - [112.19 km] Gazipaşa (Antalya)",534705
"2022-10-24T14:02:44",31.267,36.24,6.49,1.4,"ML",2.9,"Akdeniz - [59.24 km] Manavgat (Antalya)",534636
"2022-10-23T02:22:25",31.545,35.757,6.43,0.71,"MW",3.7,"Akdeniz - [87.53 km] Gazipaşa (Antalya)",534544
"2022-10-21T09:48:28",32.001,36.514,7.05,0.74,"ML",1.6,"Akdeniz - [02.07 km] Alanya (Antalya)",534468
"2022-10-14T14:04:26",31.474,36.051,8.34,0.1,"ML",1.8,"Akdeniz - [69.58 km] Alanya (Antalya)",534021
"2022-10-09T00:44:33",31.521,36.106,6.8,0.41,"ML",1.7,"Akdeniz - [62.51 km] Alanya (Antalya)",533734
"2022-10-08T08:38:35",31.999,35.519,9.5,0.55,"MW",3.6,"Akdeniz - [80.68 km] Gazipaşa (Antalya)",533691
"2022-10-07T03:50:29",34.96,36.705,6.99,0.42,"ML",2.1,"Akdeniz - Mersin Körfezi - [06.11 km] Karataş (Adana)",533617
"2022-10-07T00:51:43",34.925,36.707,7.11,0.5,"ML",1.7,"Akdeniz - Mersin Körfezi - [06.85 km] Tarsus (Mersin)",533610
"2022-10-06T19:23:22",30.62,36.168,8.39,0.63,"ML",2.9,"Akdeniz - [24.71 km] Kumluca (Antalya)",533596
"2022-10-06T05:28:55",30.591,36.148,8.94,0.65,"ML",2.3,"Akdeniz - [24.76 km] Kumluca (Antalya)",533577
"2022-10-05T21:27:37",31.871,34.738,8.49,0.69,"ML",2.6,"Akdeniz - [164.15 km] Gazipaşa (Antalya)",533549
"2022-10-02T01:50:43",30.928,35.748,7.34,0.91,"ML",2,"Akdeniz - [78.58 km] Kumluca (Antalya)",533274
"2022-09-30T14:37:07",30.721,36.161,6.09,0.97,"ML",1.9,"Akdeniz - [32.05 km] Kumluca (Antalya)",533175
"2022-09-26T09:34:08",36.064,36.661,7,0.68,"ML",1.8,"Akdeniz - İskenderun Körfezi - [11.35 km] İskenderun (Hatay)",532773
"2022-09-24T14:57:19",35.868,36.5,7,0.31,"ML",1.4,"Akdeniz - İskenderun Körfezi - [08.72 km] Arsuz (Hatay)",532638
"2022-09-22T18:24:18",31.6866,36.51,7.1,0.17,"ML",2.1,"Akdeniz - Antalya Körfezi - [15.55 km] Alanya (Antalya)",532558
"2022-09-18T09:50:54",31.763,35.0066,8.05,0.6,"ML",3.5,"Akdeniz - [140.96 km] Gazipaşa (Antalya)",532360
"2022-09-08T20:59:40",30.0103,36.006,6.39,0.36,"ML",1.5,"Akdeniz - [25.54 km] Demre (Antalya)",531803
"2022-09-06T20:15:05",31.7133,34.9828,4.67,0.33,"ML",1.8,"Akdeniz - [145.37 km] Gazipaşa (Antalya)",531705
"2022-09-03T04:22:16",31.074,36.7663,6.99,0.56,"ML",2.2,"Akdeniz - Antalya Körfezi - [10.86 km] Serik (Antalya)",531411
"2022-09-02T15:24:39",35.8316,36.1353,7,0.11,"ML",2,"Akdeniz - [09.38 km] Samandağ (Hatay)",531380
"2022-08-30T18:34:47",31.4953,35.2378,6.38,0.62,"ML",3,"Akdeniz - [133.00 km] Gazipaşa (Antalya)",531075
"2022-08-27T04:53:54",30.2511,35.5943,6.41,0.15,"ML",2.2,"Akdeniz - [74.89 km] Demre (Antalya)",530892
"2022-07-31T08:58:53",30.9088,35.5205,9.42,0.72,"ML",2.4,"Akdeniz - [99.62 km] Kumluca (Antalya)",529456
"2022-07-19T01:31:03",30.0368,36,6.01,0.61,"ML",1.4,"Akdeniz - [26.46 km] Demre (Antalya)",528891
"2022-07-16T20:44:01",31.0526,36.5018,8.77,0.84,"Mw",3.6,"Akdeniz - Antalya Körfezi - [39.32 km] Manavgat (Antalya)",528808
"2022-07-07T18:55:02",35.959,36.7306,7.04,0.65,"ML",2.2,"Akdeniz - İskenderun Körfezi - [14.60 km] Yumurtalık (Adana)",528382
"2022-07-06T03:50:56",31.549,35.531,9.24,0.59,"ML",2,"Akdeniz - [104.88 km] Gazipaşa (Antalya)",528324
"2022-07-05T00:36:34",31.5543,36.7016,8.66,0.87,"ML",1.7,"Akdeniz - Antalya Körfezi - [01.95 km] Manavgat (Antalya)",528245
"2022-07-02T12:19:53",30.97,35.235,8.4,0.6,"ML",1.8,"Akdeniz - [130.90 km] Kumluca (Antalya)",528170
"2022-07-02T03:50:09",30.804,35.0633,8.66,0.8,"ML",2.4,"Akdeniz - [144.24 km] Kumluca (Antalya)",528139
"2022-06-23T06:55:05",36.0566,36.8133,6.99,0.28,"ML",2.6,"Akdeniz - İskenderun Körfezi - [11.60 km] Dörtyol (Hatay)",527721
"2022-06-20T16:39:42",31.2553,36.2733,7.35,0.86,"ML",2.4,"Akdeniz - [56.50 km] Manavgat (Antalya)",527597
"2022-05-29T05:20:36",31.4138,36.6198,7.59,0.79,"ML",1.5,"Akdeniz - Antalya Körfezi - [16.35 km] Manavgat (Antalya)",526516
"2022-05-23T08:22:43",35.5883,36.1781,7.17,0.13,"ML",2.2,"Akdeniz - [22.16 km] Arsuz (Hatay)",526234
"2022-05-22T05:04:34",30.4836,35.9326,7.01,0.34,"ML",2.2,"Akdeniz - [43.59 km] Kumluca (Antalya)",526194
"2022-05-10T15:00:57",30.9931,35.9143,9.86,0.51,"ML",2.2,"Akdeniz - [68.42 km] Kumluca (Antalya)",525615
"2022-05-05T20:36:05",30.9456,36.1456,7.03,0.46,"ML",2.1,"Akdeniz - [50.50 km] Kumluca (Antalya)",525423
"2022-04-29T09:55:36",31.3836,35.8963,8.61,1.05,"ML",2.1,"Akdeniz - [88.44 km] Alanya (Antalya)",525111
"2022-04-28T16:28:49",36.05,36.8083,6.86,0.46,"ML",1.2,"Akdeniz - İskenderun Körfezi - [12.41 km] Dörtyol (Hatay)",525018
"2022-04-24T20:52:49",31.2303,36.1535,6.89,0.54,"ML",1.6,"Akdeniz - [69.33 km] Manavgat (Antalya)",524845
"2022-04-17T23:44:07",30.9235,35.9508,6.98,0.51,"ML",2.6,"Akdeniz - [61.07 km] Kumluca (Antalya)",524450
"2022-04-12T21:07:04",31.5408,35.482,9.94,0.87,"ML",2.2,"Akdeniz - [109.55 km] Gazipaşa (Antalya)",524183
"2022-04-11T15:38:02",31.5558,34.0743,6.54,0.96,"ML",3.1,"Akdeniz - [243.17 km] Anamur (Mersin)",524093
"2022-04-03T23:30:02",35.8305,36.4006,7.15,0.18,"ML",1.6,"Akdeniz - İskenderun Körfezi - [04.88 km] Arsuz (Hatay)",523597
"2022-03-30T06:08:30",31.1186,35.8103,8.84,0.75,"ML",2,"Akdeniz - [84.58 km] Kumluca (Antalya)",523370
"2022-03-11T18:42:36",31.3271,36.1421,6.25,0.23,"ML",1.9,"Akdeniz - [65.74 km] Alanya (Antalya)",522408
"2022-03-06T20:06:11",31.3596,36.3091,7.05,0.52,"ML",2.2,"Akdeniz - [48.82 km] Manavgat (Antalya)",522147
"2022-02-28T19:11:03",31.5981,34.9561,8.39,0.92,"ML",2.7,"Akdeniz - [153.06 km] Gazipaşa (Antalya)",521844
"2022-02-26T00:55:18",35.6908,36.3551,7.19,0.53,"ML",1.4,"Akdeniz - [11.10 km] Arsuz (Hatay)",521645
"2022-02-06T12:31:09",30.6098,36.7391,7.15,0.39,"ML",1.9,"Akdeniz - Antalya Körfezi - [04.52 km] Kemer (Antalya)",520423
"2022-02-05T20:38:16",31.6445,36.4756,9.61,0.3,"ML",1.8,"Akdeniz - Antalya Körfezi - [20.06 km] Alanya (Antalya)",520391
"2022-02-04T13:46:04",35.5218,36.4353,6.04,0.41,"ML",2.2,"Akdeniz - [18.76 km] Karataş (Adana)",520320
"2022-02-01T06:00:55",32.6495,35.7956,6.51,0.39,"ML",1.6,"Akdeniz - [28.20 km] Anamur (Mersin)",520197
"2022-01-29T02:14:04",30.7198,36.2335,6.97,0.24,"ML",2.8,"Akdeniz - [27.99 km] Kumluca (Antalya)",519982
"2022-01-29T01:50:52",30.7401,36.2385,5.56,0.34,"Mw",3.5,"Akdeniz - [29.48 km] Kumluca (Antalya)",519975
"2022-01-28T11:06:12",33.576,36.1516,3.68,0.13,"ML",1.4,"Akdeniz - [02.70 km] Gülnar (Mersin)",519951
"2022-01-28T03:37:53",33.2961,35.8211,7.06,0.43,"ML",1.9,"Akdeniz - [34.71 km] Aydıncık (Mersin)",519926
"2022-01-26T21:26:15",30.081,35.9891,5.05,0.51,"ML",1.9,"Akdeniz - [28.49 km] Demre (Antalya)",519867
"2022-01-20T23:38:48",31.7205,35.2923,5.78,0.81,"ML",1.7,"Akdeniz - [115.62 km] Gazipaşa (Antalya)",519590
"2022-01-15T13:27:32",34.9053,36.282,7.18,0.88,"ML",2.2,"Akdeniz - [47.90 km] Karataş (Adana)",519269
"2022-01-12T18:06:23",34.5341,36.7031,6.78,0.52,"ML",1.9,"Akdeniz - Mersin Körfezi - [04.25 km] Mezitli (Mersin)",519133
"2022-01-05T16:25:59",30.0198,35.9103,7,0.18,"ML",1.5,"Akdeniz - [35.48 km] Demre (Antalya)",518792
"2022-01-01T13:54:09",33.4983,35.8246,5.61,0.23,"ML",1.6,"Akdeniz - [37.51 km] Gülnar (Mersin)",518611
"2021-12-30T18:55:32",35.6205,36.3068,7,0.23,"ML",1.7,"Akdeniz - [15.19 km] Arsuz (Hatay)",518485
"2021-12-29T00:17:34",34.0153,35.9466,7.44,0.24,"ML",1.8,"Akdeniz - [40.38 km] Silifke (Mersin)",518361
"2021-12-26T01:36:20",35.7591,36.219,6.68,0.42,"ML",1.6,"Akdeniz - [08.76 km] Arsuz (Hatay)",518169
"2021-12-11T03:43:51",30.1181,35.924,7.75,0.42,"ML",1.9,"Akdeniz - [36.38 km] Demre (Antalya)",517531
"2021-12-08T22:32:53",31.3871,35.6303,6.15,0.36,"ML",2.3,"Akdeniz - [107.50 km] Gazipaşa (Antalya)",517391
"2021-12-03T09:33:57",31.3886,36.513,8.22,0.51,"ML",1.9,"Akdeniz - Antalya Körfezi - [27.48 km] Manavgat (Antalya)",517060
"2021-11-24T20:24:50",35.9198,36.4768,6.99,0.34,"ML",1.6,"Akdeniz - İskenderun Körfezi - [03.41 km] Arsuz (Hatay)",516560
"2021-11-14T11:32:59",31.6176,34.7838,6.79,0.7,"ML",2.8,"Akdeniz - [169.01 km] Gazipaşa (Antalya)",515980
"2021-11-10T11:40:05",35.3515,36.135,7.46,0.37,"ML",2.4,"Akdeniz - [43.11 km] Arsuz (Hatay)",515717
"2021-11-07T06:34:15",31.4998,36.099,7.2,0.33,"ML",2,"Akdeniz - [63.82 km] Alanya (Antalya)",515536
"2021-11-06T19:20:08",30.192,36.0691,4.37,0.32,"ML",2.1,"Akdeniz - [24.92 km] Finike (Antalya)",515519
"2021-11-03T22:40:42",33.3818,35.956,6.58,0.63,"ML",1.3,"Akdeniz - [21.30 km] Aydıncık (Mersin)",515321
"2021-11-01T16:27:17",31.6395,34.6303,4.13,0.88,"ML",2.8,"Akdeniz - [183.58 km] Gazipaşa (Antalya)",515199
"2021-11-01T05:24:14",36.0591,36.8175,6.98,0.33,"ML",1.6,"Akdeniz - İskenderun Körfezi - [11.12 km] Dörtyol (Hatay)",515180
"2021-11-01T04:39:23",31.5975,36.3515,4.8,0.32,"ML",2.1,"Akdeniz - [34.46 km] Alanya (Antalya)",515179
"2021-10-28T16:12:23",35.9993,36.8336,7.83,0.6,"Mw",3.6,"Akdeniz - İskenderun Körfezi - [10.53 km] Yumurtalık (Adana)",514999
"2021-10-27T20:52:31",31.5843,36.3478,7.38,0.5,"ML",1.2,"Akdeniz - [35.20 km] Alanya (Antalya)",514928
"2021-10-23T00:29:46",30.0661,35.9613,4.74,0.46,"ML",1.7,"Akdeniz - [31.16 km] Demre (Antalya)",514702
"2021-10-19T16:59:46",31.426,35.7055,4.63,0.59,"ML",2.1,"Akdeniz - [99.52 km] Gazipaşa (Antalya)",514470
"2021-10-19T14:36:47",36.1003,36.6555,7.02,0.9,"ML",1.4,"Akdeniz - İskenderun Körfezi - [08.78 km] İskenderun (Hatay)",514466
"2021-10-18T18:51:03",36.1256,36.6371,7.05,0.64,"ML",2.4,"Akdeniz - İskenderun Körfezi - [05.87 km] İskenderun (Hatay)",514430
"2021-10-17T01:47:38",31.2075,35.655,5.58,0.48,"ML",2.1,"Akdeniz - [102.49 km] Kumluca (Antalya)",514332
"2021-10-15T18:08:21",31.6366,35.7443,7.25,0.54,"ML",1.4,"Akdeniz - [82.21 km] Gazipaşa (Antalya)",514291
"2021-10-15T12:22:01",31.4426,36.6623,6.94,0.65,"ML",1.3,"Akdeniz - Antalya Körfezi - [11.16 km] Manavgat (Antalya)",514281
"2021-10-14T17:25:50",31.569,35.9648,7.1,0.59,"ML",1.8,"Akdeniz - [73.26 km] Gazipaşa (Antalya)",514207
"2021-10-06T19:44:51",31.5765,35.8865,7.65,0.24,"ML",1.4,"Akdeniz - [76.87 km] Gazipaşa (Antalya)",513751
"2021-10-05T01:28:25",35.532,36.3388,6.99,0.33,"ML",1.7,"Akdeniz - [23.59 km] Arsuz (Hatay)",513662
"2021-09-23T15:02:42",35.9936,36.7576,7,0.51,"ML",1.9,"Akdeniz - İskenderun Körfezi - [15.24 km] Yumurtalık (Adana)",512760
"2021-09-23T09:20:34",31.0228,36.068,6.79,1.37,"ML",1.7,"Akdeniz - [60.57 km] Kumluca (Antalya)",512752
"2021-09-21T07:25:33",31.3385,35.8135,6.21,0.15,"ML",1.7,"Akdeniz - [98.46 km] Alanya (Antalya)",512635
"2021-09-19T06:47:48",30.7093,36.025,7,0.48,"ML",1.2,"Akdeniz - [42.07 km] Kumluca (Antalya)",512544
"2021-09-17T10:10:33",30.3833,35.6683,7.09,0.9,"ML",2.1,"Akdeniz - [71.40 km] Kumluca (Antalya)",512432
"2021-09-16T01:08:21",31.7818,35.1271,2.01,0.67,"ML",2.4,"Akdeniz - [128.30 km] Gazipaşa (Antalya)",512339
"2021-09-12T19:44:44",31.3068,36.5638,7,0.57,"ML",1.3,"Akdeniz - Antalya Körfezi - [25.11 km] Manavgat (Antalya)",511601
"2021-09-09T07:36:13",35.812,36.2141,6.28,0.2,"ML",2.2,"Akdeniz - [09.12 km] Arsuz (Hatay)",511371
"2021-09-08T09:27:19",30.515,35.4765,3.26,0.94,"ML",2.5,"Akdeniz - [93.75 km] Kumluca (Antalya)",511317
"2021-08-31T07:18:44",30.0423,35.9883,7,0.17,"ML",1.7,"Akdeniz - [27.81 km] Demre (Antalya)",510404
"2021-08-27T02:08:05",31.6503,36.0878,6.99,0.63,"ML",1.3,"Akdeniz - [58.05 km] Alanya (Antalya)",510257
"2021-08-24T09:42:10",36.0265,36.7568,7,0.97,"ML",1.5,"Akdeniz - İskenderun Körfezi - [16.08 km] Payas (Hatay)",510123
"2021-08-18T08:08:57",30.2688,35.865,7.76,0.54,"ML",1.9,"Akdeniz - [47.99 km] Demre (Antalya)",509754
"2021-08-13T13:27:59",31.505,36.1056,7.06,0.53,"ML",1.9,"Akdeniz - [62.98 km] Alanya (Antalya)",509507
"2021-08-13T12:47:02",31.7176,35.2451,5.11,0.81,"ML",2.5,"Akdeniz - [120.09 km] Gazipaşa (Antalya)",509504
"2021-08-12T10:30:47",35.0366,36.4973,6.5,0.44,"ML",1.6,"Akdeniz - Mersin Körfezi - [21.29 km] Karataş (Adana)",509433
"2021-08-12T08:04:28",31.075,35.7898,7.06,0.96,"ML",2.2,"Akdeniz - [83.38 km] Kumluca (Antalya)",509419
"2021-08-11T09:48:21",30.4673,35.7013,6.91,0.98,"ML",3.2,"Akdeniz - [68.44 km] Kumluca (Antalya)",509344
"2021-07-24T09:07:12",30.0051,36.012,6.31,0.38,"ML",2,"Akdeniz - [24.86 km] Demre (Antalya)",507470
"2021-07-23T19:37:06",30.9903,36.4595,7.77,0.81,"ML",1.6,"Akdeniz - Antalya Körfezi - [39.86 km] Kemer (Antalya)",507426
"2021-07-13T11:02:18",35.9708,36.6833,7,0.31,"ML",1.4,"Akdeniz - İskenderun Körfezi - [18.14 km] Yumurtalık (Adana)",506689
"2021-07-12T02:30:44",35.6748,36.3096,7.07,0.27,"ML",2.1,"Akdeniz - [10.39 km] Arsuz (Hatay)",506625
"2021-07-10T12:27:59",31.1798,36.051,6.9,0.35,"ML",2.1,"Akdeniz - [74.05 km] Kumluca (Antalya)",506478
"2021-07-07T20:11:39",31.7958,36.0726,5.81,0.27,"ML",1.2,"Akdeniz - [49.68 km] Gazipaşa (Antalya)",506347
"2021-07-01T11:45:14",31.5265,36.0158,5.83,0.19,"ML",1.8,"Akdeniz - [70.91 km] Alanya (Antalya)",505995
"2021-06-30T21:59:18",31.7031,35.52,4.19,0.77,"ML",1.9,"Akdeniz - [96.80 km] Gazipaşa (Antalya)",505956
"2021-06-28T12:04:28",31.4985,35.7766,8.69,0.35,"ML",1.5,"Akdeniz - [89.54 km] Gazipaşa (Antalya)",505759
"2021-06-25T14:31:32",31.2391,35.2203,7.78,0.93,"ML",2.2,"Akdeniz - [143.15 km] Kumluca (Antalya)",505556
"2021-06-25T10:31:23",30.1048,35.9983,7.49,0.34,"ML",1.4,"Akdeniz - [28.20 km] Demre (Antalya)",505539
"2021-06-24T21:38:26",35.9061,36.0706,6.74,0.58,"ML",1.4,"Akdeniz - Antakya Körfezi - [05.14 km] Samandağ (Hatay)",505436
"2021-06-18T05:26:40",30.976,35.9016,6.83,0.23,"ML",2.4,"Akdeniz - [68.27 km] Kumluca (Antalya)",504925
"2021-06-17T10:01:19",30.9325,35.203,4.24,0.35,"ML",1.9,"Akdeniz - [132.97 km] Kumluca (Antalya)",504880
"2021-06-16T09:30:19",36.1106,36.7126,7,0.92,"ML",1.2,"Akdeniz - İskenderun Körfezi - [09.87 km] Payas (Hatay)",504793
"2021-06-14T04:50:11",31.814,35.9193,6.33,0.8,"ML",1.5,"Akdeniz - [57.32 km] Gazipaşa (Antalya)",504674
"2021-06-11T23:47:02",35.9196,36.8513,7,0.61,"ML",1.4,"Akdeniz - İskenderun Körfezi - [03.58 km] Yumurtalık (Adana)",504586
"2021-06-11T16:51:57",31.5143,36.012,6.5,0.53,"ML",2.1,"Akdeniz - [71.90 km] Alanya (Antalya)",504546
"2021-06-11T16:49:55",31.5143,35.9413,7.71,0.6,"ML",2.2,"Akdeniz - [78.35 km] Alanya (Antalya)",504545
"2021-06-11T07:39:34",31.5676,36.294,7.1,0.12,"ML",1.8,"Akdeniz - [41.34 km] Alanya (Antalya)",504525
"2021-06-10T07:47:15",31.0485,35.9773,6.58,0.26,"ML",1.5,"Akdeniz - [67.90 km] Kumluca (Antalya)",504486
"2021-06-10T07:23:19",31.1533,35.853,6.77,0.26,"ML",2.3,"Akdeniz - [83.81 km] Kumluca (Antalya)",504485
"2021-05-30T22:13:14",35.7718,36.3603,7,0.2,"ML",1.1,"Akdeniz - İskenderun Körfezi - [05.01 km] Arsuz (Hatay)",503940
"2021-05-30T16:24:52",30.147,35.9156,6.57,0.48,"ML",2.3,"Akdeniz - [38.13 km] Demre (Antalya)",503924
"2021-05-29T17:22:02",34.1385,36.1271,7.02,0.66,"ML",1.7,"Akdeniz - [26.01 km] Silifke (Mersin)",503875
"2021-05-24T07:31:25",31.6596,36.0235,7.21,0.39,"ML",2.1,"Akdeniz - [63.11 km] Gazipaşa (Antalya)",503578
"2021-05-20T21:30:30",31.5863,35.9053,7.72,0.51,"ML",1.5,"Akdeniz - [75.02 km] Gazipaşa (Antalya)",503407
"2021-05-20T09:20:59",34.6888,36.8063,8.83,0.91,"ML",1.4,"Akdeniz - Mersin Körfezi - [00.77 km] Akdeniz (Mersin)",503359
"2021-05-14T02:56:09",31.6163,36.114,7.05,0.47,"ML",1.9,"Akdeniz - [57.34 km] Alanya (Antalya)",502378
"2021-05-03T10:50:53",30.7308,36.7225,7.22,0.22,"ML",1.8,"Akdeniz - Antalya Körfezi - [14.62 km] Muratpaşa (Antalya)",501695
"2021-05-01T10:54:56",30.0235,36.1638,7,0.7,"ML",1.6,"Akdeniz - [08.44 km] Demre (Antalya)",501564
"2021-04-30T18:31:49",30.0198,36.0861,5.39,0.24,"ML",2,"Akdeniz - [16.78 km] Demre (Antalya)",501500
"2021-04-30T07:52:20",31.5913,36.5526,6.43,0.71,"ML",4,"Akdeniz - Antalya Körfezi - [14.82 km] Alanya (Antalya)",501446
"2021-04-30T04:58:11",35.726,35.9906,6.66,0.38,"ML",3,"Akdeniz - [20.27 km] Yayladağı (Hatay)",501429
"2021-04-29T10:20:30",31.218,36.014,8.3,0.7,"ML",2,"Akdeniz - [78.93 km] Kumluca (Antalya)",501396
"2021-04-24T09:26:42",36.148,36.635,6.88,0.52,"ML",2.1,"Akdeniz - İskenderun Körfezi - [04.81 km] İskenderun (Hatay)",500932
"2021-04-22T11:01:57",30.528,36.058,8.9,0.7,"ML",1.9,"Akdeniz - [31.28 km] Kumluca (Antalya)",500786
"2021-04-21T06:34:49",31.4011,35.7548,7.84,0.86,"ML",2.3,"Akdeniz - [98.13 km] Gazipaşa (Antalya)",500652
"2021-03-31T20:14:10",36.0098,36.8263,7,0.25,"ML",1.6,"Akdeniz - İskenderun Körfezi - [11.73 km] Yumurtalık (Adana)",498420
"2021-03-29T07:55:38",36.1758,36.6963,6.87,0.53,"ML",1.6,"Akdeniz - İskenderun Körfezi - [04.73 km] İskenderun (Hatay)",498278
"2021-03-28T19:21:46",31.521,35.607,8,0.63,"ML",1.9,"Akdeniz - [100.35 km] Gazipaşa (Antalya)",498231
"2021-03-28T00:28:30",31.3086,35.8135,6.8,0.53,"ML",1.6,"Akdeniz - [97.58 km] Kumluca (Antalya)",498156
"2021-03-25T09:38:58",36.0075,36.831,6.98,0.58,"ML",2.9,"Akdeniz - İskenderun Körfezi - [11.31 km] Yumurtalık (Adana)",498021
"2021-03-20T16:14:27",31.4545,36.0173,7.21,0.78,"ML",1.5,"Akdeniz - [73.69 km] Alanya (Antalya)",497822
"2021-03-20T02:16:47",36.0023,36.831,7,0.4,"ML",2.7,"Akdeniz - İskenderun Körfezi - [10.90 km] Yumurtalık (Adana)",497768
"2021-03-15T08:48:47",30.8978,35.1941,6.71,0.41,"ML",2.8,"Akdeniz - [132.81 km] Kumluca (Antalya)",497529
"2021-03-14T13:40:23",31.0465,36.059,6.8,0.49,"ML",1.8,"Akdeniz - [62.93 km] Kumluca (Antalya)",497490
"2021-03-13T19:07:43",30.8848,35.922,7.38,0.77,"ML",1.7,"Akdeniz - [60.94 km] Kumluca (Antalya)",497418
"2021-02-28T12:46:22",31.1903,35.454,6.94,2.81,"ML",2.2,"Akdeniz - [118.91 km] Kumluca (Antalya)",496701
"2021-02-27T05:32:34",31.8966,36.384,6.96,0.22,"ML",1.4,"Akdeniz - [18.50 km] Alanya (Antalya)",496625
"2021-02-20T00:10:40",31.6058,35.8688,6.46,0.53,"ML",1.8,"Akdeniz - [75.72 km] Gazipaşa (Antalya)",496143
"2021-02-18T14:07:48",31.0783,36.3943,7.13,0.94,"ML",1.7,"Akdeniz - Antalya Körfezi - [49.83 km] Kemer (Antalya)",496040
"2021-02-16T20:07:00",31.2345,36.191,6.81,0.5,"ML",2.1,"Akdeniz - [65.43 km] Manavgat (Antalya)",495904
"2021-02-15T15:11:02",31.309,36.1441,6.99,0.42,"ML",1.8,"Akdeniz - [66.41 km] Alanya (Antalya)",495841
"2021-02-14T17:16:17",31.7118,34.9626,6.22,0.85,"ML",1.9,"Akdeniz - [147.42 km] Gazipaşa (Antalya)",495787
"2021-02-08T04:26:13",31.3448,36.2255,7.19,0.45,"ML",1.6,"Akdeniz - [57.09 km] Alanya (Antalya)",495300
"2021-02-04T00:44:23",30.1018,35.5745,5.73,0.61,"ML",1.9,"Akdeniz - [72.88 km] Demre (Antalya)",494856
"2021-01-26T08:12:27",30.2228,36.0985,7,0.71,"ML",1.7,"Akdeniz - [22.46 km] Finike (Antalya)",494213
"2021-01-13T09:32:22",30.777,35.3615,7.08,0.24,"ML",2.6,"Akdeniz - [111.72 km] Kumluca (Antalya)",493387
"2021-01-10T17:25:19",30.3528,36.0511,6.98,0.93,"ML",1.8,"Akdeniz - [28.89 km] Kumluca (Antalya)",493212
"2021-01-04T08:09:03",30.4855,35.9431,3.39,0.36,"ML",1.8,"Akdeniz - [42.51 km] Kumluca (Antalya)",492773
"2020-12-30T14:01:51",30.6885,36.0293,7.16,0.91,"ML",1.7,"Akdeniz - [40.59 km] Kumluca (Antalya)",492283
"2020-12-28T10:30:03",32.6051,35.9591,5.67,0.2,"ML",2.1,"Akdeniz - [14.68 km] Anamur (Mersin)",492104
"2020-12-09T19:22:15",36.0066,36.6038,9.68,0.47,"Mw",3.5,"Akdeniz - İskenderun Körfezi - [08.89 km] Arsuz (Hatay)",490536
"2020-12-07T08:45:04",31.2491,36.1601,7.42,0.83,"ML",2,"Akdeniz - [67.95 km] Manavgat (Antalya)",490319
"2020-12-06T22:38:32",31.2721,36.6846,7.04,0.3,"ML",1.5,"Akdeniz - Antalya Körfezi - [15.59 km] Manavgat (Antalya)",490295
"2020-12-06T02:16:15",30.0845,35.894,6.86,0.93,"ML",2,"Akdeniz - [38.81 km] Demre (Antalya)",490221
"2020-11-28T19:07:12",30.3191,36.0846,7.05,0.46,"ML",1.5,"Akdeniz - [25.38 km] Kumluca (Antalya)",489465
"2020-11-27T08:01:20",34.7221,36.5323,7,0.7,"ML",1.9,"Akdeniz - Mersin Körfezi - [28.92 km] Mezitli (Mersin)",489288
"2020-11-26T13:18:52",35.9333,36.7473,7.09,0.39,"ML",2.2,"Akdeniz - İskenderun Körfezi - [11.80 km] Yumurtalık (Adana)",489203
"2020-11-24T02:07:27",30.9096,36.028,6.94,0.51,"ML",2.2,"Akdeniz - [54.50 km] Kumluca (Antalya)",488953
"2020-11-21T01:21:45",30.3518,36.1593,7.13,0.66,"ML",1.8,"Akdeniz - [16.88 km] Kumluca (Antalya)",488677
"2020-11-21T01:16:12",30.391,36.1068,4.93,0.5,"ML",2,"Akdeniz - [22.93 km] Kumluca (Antalya)",488676
"2020-11-20T16:54:11",31.6813,36.1251,6.02,0.5,"ML",2,"Akdeniz - [53.06 km] Alanya (Antalya)",488609
"2020-11-14T06:38:07",30.1898,36.0143,7,0.32,"ML",1.8,"Akdeniz - [30.01 km] Demre (Antalya)",487872
"2020-11-11T18:24:49",35.916,36.4601,6.2,0.61,"ML",1.7,"Akdeniz - İskenderun Körfezi - [03.04 km] Arsuz (Hatay)",487473
"2020-11-05T09:27:42",35.68,36.0751,6.12,0.29,"ML",2.4,"Akdeniz - [23.28 km] Samandağ (Hatay)",486074
"2020-11-02T08:07:19",30.1055,35.5575,5.58,0.75,"ML",1.8,"Akdeniz - [74.77 km] Demre (Antalya)",485030
"2020-10-28T04:38:20",35.8801,36.5323,6.1,0.62,"ML",1.8,"Akdeniz - İskenderun Körfezi - [10.13 km] Arsuz (Hatay)",483680
"2020-10-27T20:05:17",31.7743,35.272,4.23,0.36,"ML",1.9,"Akdeniz - [114.77 km] Gazipaşa (Antalya)",483646
"2020-10-27T07:08:21",30.5646,36.6563,7,0.51,"ML",2,"Akdeniz - Antalya Körfezi - [02.13 km] Kemer (Antalya)",483602
"2020-10-22T17:11:24",34.1355,36.1036,7.09,0.5,"ML",2.3,"Akdeniz - [28.42 km] Silifke (Mersin)",482468
"2020-10-18T00:28:22",30.0086,35.788,6.61,0.56,"ML",2.5,"Akdeniz - [47.74 km] Demre (Antalya)",482214
"2020-10-16T06:01:41",33.8115,36.1941,6.41,0.26,"ML",1.7,"Akdeniz - [07.44 km] Silifke (Mersin)",482122
"2020-10-16T00:32:58",35.909,35.9813,7,0.14,"ML",1.5,"Akdeniz - [05.51 km] Yayladağı (Hatay)",482110
"2020-10-12T23:07:28",35.8805,36.0298,7.15,0.45,"ML",1.7,"Akdeniz - [09.47 km] Samandağ (Hatay)",481941
"2020-10-11T21:14:59",31.271,35.481,6.69,0.89,"ML",2.2,"Akdeniz - [120.89 km] Kumluca (Antalya)",481854
"2020-10-06T08:16:38",31.6046,36.2631,7.05,0.77,"ML",1.3,"Akdeniz - [43.47 km] Alanya (Antalya)",481601
"2020-10-03T07:03:29",31.3151,34.8641,6.77,0.99,"ML",2,"Akdeniz - [175.77 km] Gazipaşa (Antalya)",481443
"2020-09-29T22:05:59",35.9961,36.8281,7,0.47,"ML",2.6,"Akdeniz - İskenderun Körfezi - [10.57 km] Yumurtalık (Adana)",481257
"2020-09-28T21:20:59",31.589,34.5621,6.51,0.9,"ML",2.2,"Akdeniz - [192.37 km] Gazipaşa (Antalya)",481170
"2020-09-26T17:48:08",30.7296,35.0096,7.22,0.83,"ML",3.4,"Akdeniz - [148.36 km] Kumluca (Antalya)",481039
"2020-09-24T08:01:56",35.8541,36.0345,5.18,0.9,"ML",2.9,"Akdeniz - [11.10 km] Samandağ (Hatay)",480885
"2020-09-20T18:09:07",31.6201,35.626,6.15,0.85,"ML",2.2,"Akdeniz - [92.69 km] Gazipaşa (Antalya)",480705
"2020-09-17T21:21:35",31.4951,35.8873,7.11,0.52,"ML",1.5,"Akdeniz - [83.15 km] Gazipaşa (Antalya)",480510
"2020-09-13T15:28:26",31.3505,36.1253,6.9,0.56,"ML",1.8,"Akdeniz - [66.32 km] Alanya (Antalya)",480290
"2020-09-10T16:02:00",31.1053,36.0823,7.26,0.64,"ML",1.9,"Akdeniz - [66.50 km] Kumluca (Antalya)",480177
"2020-09-03T18:41:12",30.8823,36.691,9.07,0.48,"ML",1.4,"Akdeniz - Antalya Körfezi - [19.20 km] Muratpaşa (Antalya)",479850
"2020-08-29T16:32:38",30.0548,36.1458,5.94,0.69,"ML",2.6,"Akdeniz - [11.42 km] Demre (Antalya)",479588
"2020-08-26T19:38:21",31.6121,35.7463,8.3,0.55,"ML",2,"Akdeniz - [83.69 km] Gazipaşa (Antalya)",479434
"2020-08-24T10:12:52",30.6428,35.986,7.5,0.74,"ML",2.1,"Akdeniz - [42.65 km] Kumluca (Antalya)",479311
"2020-08-21T06:51:33",31.057,36.0035,7.2,0.4,"ML",1.4,"Akdeniz - [66.90 km] Kumluca (Antalya)",479206
"2020-08-11T13:35:36",30.0515,36.0221,7,0.41,"ML",2.3,"Akdeniz - [24.28 km] Demre (Antalya)",478807
"2020-08-10T15:06:35",35.4643,35.9726,6.84,0.11,"ML",2.7,"Akdeniz - [43.23 km] Yayladağı (Hatay)",478756
"2020-08-09T16:20:40",30.8013,36.0781,6.42,0.29,"ML",2,"Akdeniz - [43.42 km] Kumluca (Antalya)",478701
"2020-08-03T23:05:22",31.964,35.6603,9.69,0.39,"ML",1.9,"Akdeniz - [69.73 km] Gazipaşa (Antalya)",478377
"2020-07-28T12:49:14",31.192,36.1346,6.83,0.78,"ML",1.7,"Akdeniz - [71.68 km] Kumluca (Antalya)",478159
"2020-07-28T08:57:22",30.4533,35.9241,6.41,0.54,"ML",1.9,"Akdeniz - [43.87 km] Kumluca (Antalya)",478144
"2020-07-27T10:03:33",31.3143,36.1296,7.06,0.93,"ML",2.2,"Akdeniz - [67.53 km] Alanya (Antalya)",478107
"2020-07-26T01:20:59",33.361,35.9731,6.08,0.8,"ML",1.9,"Akdeniz - [18.98 km] Aydıncık (Mersin)",478035
"2020-07-15T22:24:31",35.9753,36.6095,7.01,0.7,"ML",1.5,"Akdeniz - İskenderun Körfezi - [10.71 km] Arsuz (Hatay)",477556
"2020-07-15T01:38:48",31.4581,35.8176,6.92,0.53,"ML",1.3,"Akdeniz - [89.99 km] Gazipaşa (Antalya)",477515
"2020-07-14T13:32:29",31.463,35.664,3.48,0.91,"ML",1.6,"Akdeniz - [99.84 km] Gazipaşa (Antalya)",477494
"2020-07-14T09:11:09",31.4061,35.6485,7.31,0.63,"ML",2.5,"Akdeniz - [104.88 km] Gazipaşa (Antalya)",477480
"2020-07-14T05:51:36",31.2146,36.757,6.83,4.14,"ML",1.7,"Akdeniz - Antalya Körfezi - [08.23 km] Manavgat (Antalya)",477475
"2020-07-13T21:08:06",30.3171,35.9533,6.57,0.45,"ML",2.7,"Akdeniz - [39.89 km] Kumluca (Antalya)",477458
"2020-07-13T15:13:52",30.3445,35.8273,5.24,0.7,"ML",3.5,"Akdeniz - [53.73 km] Kumluca (Antalya)",477451
"2020-07-13T04:50:41",30.2848,35.8021,9.16,0.63,"ML",2.2,"Akdeniz - [54.83 km] Demre (Antalya)",477434
"2020-07-12T22:11:32",30.2878,35.6365,6.95,0.67,"ML",2,"Akdeniz - [71.61 km] Demre (Antalya)",477418
"2020-07-12T19:43:03",30.3581,35.835,6.87,0.45,"ML",2.1,"Akdeniz - [52.86 km] Kumluca (Antalya)",477413
"2020-07-12T09:27:07",30.2985,36.0351,7.04,0.29,"ML",1.6,"Akdeniz - [31.09 km] Kumluca (Antalya)",477393
"2020-07-11T06:56:55",30.4015,35.973,3.46,0.17,"ML",1.9,"Akdeniz - [37.78 km] Kumluca (Antalya)",477315
"2020-07-10T23:44:33",30.4075,35.942,9.08,0.59,"ML",2.6,"Akdeniz - [41.26 km] Kumluca (Antalya)",477291
"2020-07-10T11:16:36",30.4403,35.9976,3.45,0.2,"ML",2.3,"Akdeniz - [35.65 km] Kumluca (Antalya)",477265
"2020-07-10T08:31:15",30.367,35.94,7.37,0.36,"ML",2.3,"Akdeniz - [41.23 km] Kumluca (Antalya)",477260
"2020-07-09T00:30:38",30.6718,36.8366,7.07,0.58,"ML",2.3,"Akdeniz - Antalya Körfezi - [04.16 km] Konyaaltı (Antalya)",477191
"2020-07-06T18:25:29",35.797,36.2413,6.68,0.53,"ML",1.6,"Akdeniz - [05.91 km] Arsuz (Hatay)",477074
"2020-07-02T13:54:41",30.0976,35.8945,6.36,0.36,"ML",2,"Akdeniz - [39.02 km] Demre (Antalya)",476887
"2020-07-02T09:31:30",31.6058,35.7428,6.82,0.99,"ML",2.3,"Akdeniz - [84.37 km] Gazipaşa (Antalya)",476874
"2020-06-29T18:37:57",30.9561,35.932,9.28,0.62,"ML",1.6,"Akdeniz - [64.64 km] Kumluca (Antalya)",476748
"2020-06-25T02:50:31",32.4845,35.8435,7.03,0.61,"ML",1.8,"Akdeniz - [29.89 km] Gazipaşa (Antalya)",476410
"2020-06-24T08:35:04",36.1635,36.6808,7.12,0.69,"ML",1.5,"Akdeniz - İskenderun Körfezi - [05.30 km] İskenderun (Hatay)",476378
"2020-06-22T22:39:17",34.7046,36.4413,9.82,0.51,"ML",1.9,"Akdeniz - Mersin Körfezi - [36.37 km] Mezitli (Mersin)",476328
"2020-06-18T09:08:54",35.837,36.0388,7,0.22,"ML",2.9,"Akdeniz - [12.24 km] Samandağ (Hatay)",476121
"2020-06-17T12:24:30",35.711,36.157,8.36,0.33,"Mw",3.2,"Akdeniz - [16.75 km] Arsuz (Hatay)",476090
"2020-06-17T09:44:20",30.9843,36.8121,7,0.42,"ML",1,"Akdeniz - Antalya Körfezi - [08.22 km] Aksu (Antalya)",476077
"2020-06-16T07:24:07",31.2955,35.6073,3.84,0.15,"ML",1.8,"Akdeniz - [111.81 km] Kumluca (Antalya)",475970
"2020-06-11T08:12:53",32.2263,36.0298,7.02,0.7,"ML",1.4,"Akdeniz - [23.07 km] Gazipaşa (Antalya)",475535
"2020-06-01T07:28:28",36.1063,36.6225,7,0.54,"ML",1.7,"Akdeniz - İskenderun Körfezi - [05.67 km] İskenderun (Hatay)",474887
"2020-05-27T20:57:11",30.9773,35.9993,7.42,0.91,"ML",2.3,"Akdeniz - [61.28 km] Kumluca (Antalya)",474564
"2020-05-25T15:10:45",33.1198,36.0181,6.97,0.48,"ML",1.9,"Akdeniz - [10.83 km] Bozyazı (Mersin)",474362
"2020-05-21T13:42:00",30.0073,35.5426,7.42,0.27,"ML",2.1,"Akdeniz - [74.12 km] Demre (Antalya)",474139
"2020-05-15T13:42:09",35.8881,35.9986,5.21,0.52,"ML",1.7,"Akdeniz - [08.16 km] Yayladağı (Hatay)",473714
"2020-05-15T11:59:59",35.8318,35.9508,3.95,0.68,"ML",2.2,"Akdeniz - [10.00 km] Yayladağı (Hatay)",473708
"2020-05-15T10:57:45",35.8126,36.0353,7.31,0.38,"ML",1.9,"Akdeniz - [14.16 km] Samandağ (Hatay)",473702
"2020-05-15T09:06:08",33.1146,36.0705,7.23,0.3,"ML",1.8,"Akdeniz - [05.16 km] Bozyazı (Mersin)",473692
"2020-05-14T10:07:33",31.416,36.0071,8.03,0.34,"ML",1.9,"Akdeniz - [75.88 km] Alanya (Antalya)",473624
"2020-05-11T21:03:11",30.0193,35.859,7.16,0.18,"ML",2,"Akdeniz - [40.66 km] Demre (Antalya)",473515
"2020-05-11T19:57:46",30.0045,35.9118,7.09,0.22,"ML",1.5,"Akdeniz - [34.75 km] Demre (Antalya)",473512
"2020-05-10T01:04:16",31.2215,36.3703,6.69,0.38,"ML",1.6,"Akdeniz - [47.90 km] Manavgat (Antalya)",473380
"2020-05-08T16:58:35",30.0138,35.9615,7.03,0.36,"ML",1.9,"Akdeniz - [30.21 km] Demre (Antalya)",473308
"2020-05-08T16:57:14",30.016,35.9385,7.04,0.33,"ML",1.6,"Akdeniz - [32.54 km] Demre (Antalya)",473309
"2020-05-06T14:44:37",31.5021,35.1531,6.72,0.33,"ML",2.7,"Akdeniz - [139.87 km] Gazipaşa (Antalya)",473185
"2020-05-06T05:36:12",30.137,35.8301,3.08,0.14,"ML",2.1,"Akdeniz - [46.84 km] Demre (Antalya)",473153
"2020-05-05T11:40:27",31.3971,36.2663,6.82,0.76,"ML",2.8,"Akdeniz - [50.71 km] Alanya (Antalya)",473119
"2020-05-05T10:19:54",35.743,36.5265,7,0.76,"ML",1.2,"Akdeniz - İskenderun Körfezi - [18.52 km] Arsuz (Hatay)",473116
"2020-05-03T02:30:45",35.583,35.986,5.8,0.41,"ML",1.9,"Akdeniz - [32.77 km] Yayladağı (Hatay)",472895
"2020-05-02T19:31:47",35.6743,36.1305,8.95,0.8,"ML",1.8,"Akdeniz - [20.88 km] Arsuz (Hatay)",472858
"2020-05-01T11:05:35",31.4876,35.8545,6.65,0.8,"ML",2.1,"Akdeniz - [85.57 km] Gazipaşa (Antalya)",472745
"2020-04-30T00:25:20",35.5185,35.9551,6.1,0.17,"ML",1.4,"Akdeniz - [38.22 km] Yayladağı (Hatay)",472641
"2020-04-29T07:43:49",32.323,35.9411,7.77,0.95,"ML",1.5,"Akdeniz - [25.51 km] Gazipaşa (Antalya)",472582
"2020-04-28T18:04:33",35.6761,35.9828,8.36,0.54,"ML",1.6,"Akdeniz - [24.44 km] Yayladağı (Hatay)",472548
"2020-04-27T22:09:47",30.7081,36.1375,7.66,0.38,"ML",2.9,"Akdeniz - [32.76 km] Kumluca (Antalya)",472504
"2020-04-27T09:10:21",30.7416,35.98,8.84,0.78,"ML",2.9,"Akdeniz - [47.82 km] Kumluca (Antalya)",472473
"2020-04-25T09:20:44",31.9576,35.8973,7.13,0.43,"ML",2,"Akdeniz - [50.00 km] Gazipaşa (Antalya)",472338
"2020-04-25T05:30:19",30.7345,36.161,7,0.29,"ML",1.9,"Akdeniz - [33.04 km] Kumluca (Antalya)",472327
"2020-04-24T15:58:29",30.786,36.1241,6.26,0.64,"ML",1.9,"Akdeniz - [39.19 km] Kumluca (Antalya)",472266
"2020-04-24T15:55:44",30.7341,36.0905,7.71,0.41,"ML",2.5,"Akdeniz - [38.02 km] Kumluca (Antalya)",472264
"2020-04-24T15:07:41",30.6821,36.1093,6.59,0.61,"ML",2,"Akdeniz - [33.27 km] Kumluca (Antalya)",472267
"2020-04-24T15:02:33",30.674,36.258,6.68,0.62,"ML",1.9,"Akdeniz - [23.16 km] Kumluca (Antalya)",472268
"2020-04-23T20:12:18",35.5401,36.005,6,0.14,"ML",2,"Akdeniz - [36.95 km] Yayladağı (Hatay)",472209
"2020-04-23T14:12:09",30.0075,35.9161,7.02,0.21,"ML",1.8,"Akdeniz - [34.43 km] Demre (Antalya)",472198
"2020-04-21T22:12:17",30.6018,35.9251,7.01,0.63,"ML",1.7,"Akdeniz - [47.43 km] Kumluca (Antalya)",472110
"2020-04-21T04:58:16",35.6816,35.9855,7.78,0.53,"ML",1.6,"Akdeniz - [24.02 km] Yayladağı (Hatay)",472021
"2020-04-21T00:56:27",35.449,35.951,8.66,0.8,"ML",1.3,"Akdeniz - [44.48 km] Yayladağı (Hatay)",472001
"2020-04-20T23:56:01",32.6023,35.882,7.03,0.52,"ML",1.7,"Akdeniz - [21.24 km] Anamur (Mersin)",471997
"2020-04-20T18:29:18",31.5395,35.9715,7.09,0.38,"ML",1.3,"Akdeniz - [74.30 km] Alanya (Antalya)",471968
"2020-04-20T06:43:44",31.5301,36.27,7.32,0.71,"ML",1.7,"Akdeniz - [44.95 km] Alanya (Antalya)",471938
"2020-04-18T02:01:20",35.5946,36.2031,8.33,0.81,"ML",2.1,"Akdeniz - [20.17 km] Arsuz (Hatay)",471792
"2020-04-17T22:06:45",31.1185,36.1751,6.94,0.25,"ML",2.4,"Akdeniz - [64.05 km] Kumluca (Antalya)",471773
"2020-04-17T21:42:41",35.6211,36.1958,6.92,0.4,"ML",2.5,"Akdeniz - [18.62 km] Arsuz (Hatay)",471771
"2020-04-16T22:11:13",35.658,36.1013,7.51,0.54,"ML",1.2,"Akdeniz - [24.42 km] Arsuz (Hatay)",471698
"2020-04-15T14:43:46",35.6723,36.0085,6.9,0.41,"ML",1.6,"Akdeniz - [25.48 km] Yayladağı (Hatay)",471601
"2020-04-15T12:39:55",35.2848,36.0485,5.56,0.6,"ML",1.9,"Akdeniz - [52.91 km] Arsuz (Hatay)",471594
"2020-04-15T12:37:14",35.7058,36.357,7,0.7,"ML",1.5,"Akdeniz - [10.21 km] Arsuz (Hatay)",471593
"2020-04-15T12:33:39",35.4576,36.0563,7.24,0.62,"ML",2.4,"Akdeniz - [39.81 km] Arsuz (Hatay)",471592
"2020-04-15T10:40:28",35.3561,36.1898,6.04,0.75,"ML",2.4,"Akdeniz - [40.46 km] Karataş (Adana)",471579
"2020-04-15T08:49:03",35.45,36.1168,6.14,0.49,"ML",2.1,"Akdeniz - [36.28 km] Arsuz (Hatay)",471564
"2020-04-15T08:45:51",35.6141,36.2415,7.88,0.37,"ML",2.1,"Akdeniz - [16.76 km] Arsuz (Hatay)",471563
"2020-04-15T08:34:41",35.6415,36.1953,7.33,0.32,"ML",3,"Akdeniz - [17.20 km] Arsuz (Hatay)",471560
"2020-04-14T21:15:08",35.6411,36.1243,6.35,0.83,"ML",1.8,"Akdeniz - [23.06 km] Arsuz (Hatay)",471520
"2020-04-10T21:40:51",31.5325,35.964,9.51,0.34,"ML",2.1,"Akdeniz - [75.34 km] Alanya (Antalya)",471264
"2020-04-04T11:48:08",35.5625,35.9948,7.72,0.18,"ML",1.8,"Akdeniz - [34.76 km] Yayladağı (Hatay)",470806
"2020-04-04T03:46:05",35.5996,35.9925,6.23,0.4,"ML",1.9,"Akdeniz - [31.42 km] Yayladağı (Hatay)",470784
"2020-04-03T18:26:38",35.6526,36.2735,6.52,0.55,"ML",2.4,"Akdeniz - [12.46 km] Arsuz (Hatay)",470772
"2020-04-02T01:29:58",31.6211,34.7496,5.93,0.49,"ML",2.1,"Akdeniz - [172.27 km] Gazipaşa (Antalya)",470638
"2020-04-02T01:14:03",31.3908,34.4575,5.84,0.33,"ML",2.5,"Akdeniz - [210.70 km] Gazipaşa (Antalya)",470637
"2020-04-01T17:30:02",31.2811,36.1401,6.99,0.8,"ML",2.9,"Akdeniz - [68.15 km] Alanya (Antalya)",470628
"2020-03-31T02:52:17",31.3216,35.9876,4.54,0.61,"ML",1.7,"Akdeniz - [81.14 km] Alanya (Antalya)",470517
"2020-03-29T01:31:33",34.0238,36.2708,7.23,0.26,"ML",1.9,"Akdeniz - [07.51 km] Silifke (Mersin)",470341
"2020-03-26T20:47:47",31.483,35.7168,7.26,0.75,"ML",1.8,"Akdeniz - [94.70 km] Gazipaşa (Antalya)",470165
"2020-03-26T20:23:18",31.467,35.6051,5.27,0.87,"ML",1.4,"Akdeniz - [103.98 km] Gazipaşa (Antalya)",470161
"2020-03-23T22:01:23",35.7605,36.4175,6.2,0.6,"ML",1.7,"Akdeniz - İskenderun Körfezi - [09.09 km] Arsuz (Hatay)",469988
"2020-03-19T05:51:17",30.2423,35.929,6.63,0.38,"ML",2.1,"Akdeniz - [40.59 km] Demre (Antalya)",469547
"2020-03-15T19:21:57",31.2903,36.1441,7.02,0.6,"ML",1.3,"Akdeniz - [67.32 km] Alanya (Antalya)",469294
"2020-03-10T07:35:32",31.7358,35.6533,7.71,0.55,"ML",1.7,"Akdeniz - [83.68 km] Gazipaşa (Antalya)",468865
"2020-03-08T15:05:59",35.858,36.1985,7.03,0.45,"ML",1.9,"Akdeniz - [08.78 km] Samandağ (Hatay)",468747
"2020-03-08T10:24:35",35.7005,36.558,7.01,0.56,"ML",1.7,"Akdeniz - İskenderun Körfezi - [16.46 km] Karataş (Adana)",468734
"2020-02-28T23:37:19",35.7385,36.3766,6.32,0.24,"ML",1.6,"Akdeniz - İskenderun Körfezi - [08.36 km] Arsuz (Hatay)",467751
"2020-02-28T19:26:38",30.0176,36.1613,6.98,0.59,"ML",1.9,"Akdeniz - [08.55 km] Demre (Antalya)",467722
"2020-02-25T08:51:09",36.1896,36.6545,6.95,0.8,"ML",1.7,"Akdeniz - İskenderun Körfezi - [02.65 km] İskenderun (Hatay)",467270
"2020-02-25T05:18:18",30.488,35.9991,7.06,0.21,"ML",1.9,"Akdeniz - [36.60 km] Kumluca (Antalya)",467232
"2020-02-24T09:36:45",34.5971,36.5841,8.84,0.18,"ML",1.2,"Akdeniz - Mersin Körfezi - [17.87 km] Mezitli (Mersin)",466998
"2020-02-19T18:43:40",35.731,36.3088,6.31,0.16,"ML",1.6,"Akdeniz - [05.45 km] Arsuz (Hatay)",465944
"2020-02-16T00:32:03",34.2208,35.9313,7.16,0.9,"ML",1.7,"Akdeniz - [48.96 km] Silifke (Mersin)",465257
"2020-02-15T13:31:19",35.8526,36.5326,5.15,0.43,"ML",2.5,"Akdeniz - İskenderun Körfezi - [11.90 km] Arsuz (Hatay)",465190
"2020-02-08T11:15:35",31.1245,36.2846,7.06,0.56,"ML",2.2,"Akdeniz - [58.97 km] Kemer (Antalya)",464042
"2020-02-01T12:59:04",35.7461,36.3633,7.01,0.65,"ML",1.8,"Akdeniz - İskenderun Körfezi - [07.12 km] Arsuz (Hatay)",462264
"2020-01-31T11:57:55",30.1125,34.6698,6.82,0.69,"ML",2.2,"Akdeniz - [171.23 km] Demre (Antalya)",461928
"2020-01-20T02:00:03",32.6013,35.8653,6.57,0.27,"ML",2,"Akdeniz - [22.84 km] Anamur (Mersin)",456900
"2020-01-19T18:31:16",35.6676,36.3913,6.97,0.41,"ML",1.6,"Akdeniz - [14.81 km] Arsuz (Hatay)",456876
"2020-01-11T05:57:44",30.4931,36.0665,7.36,0.29,"ML",1.7,"Akdeniz - [29.42 km] Kumluca (Antalya)",456385
"2020-01-07T23:46:44",30.5616,35.6585,5,0.23,"ML",2,"Akdeniz - [74.79 km] Kumluca (Antalya)",456211
"2020-01-07T19:15:46",36.0233,36.9136,6.91,0.27,"ML",2.6,"Akdeniz - İskenderun Körfezi - [04.45 km] Erzin (Hatay)",456202